house_id,area_sqft,bedrooms,bathrooms,age_years,garage_spaces,location_score,quality_index,image_path,price
house_0000,2098.0,2,2,40,0,6.05,0.766,images/house_0000.png,366893.39
house_0001,1717.0,2,2,0,2,5.71,0.846,images/house_0001.png,334994.51
house_0002,2188.6,3,1,4,0,2.03,0.614,images/house_0002.png,334504.74
house_0003,2713.8,3,3,19,0,8.74,0.089,images/house_0003.png,460068.56
house_0004,1659.5,5,3,7,2,7.51,0.488,images/house_0004.png,339022.72
house_0005,1659.5,5,1,42,1,1.61,0.078,images/house_0005.png,205563.59
house_0006,2747.5,1,1,11,1,7.37,0.408,images/house_0006.png,416162.82
house_0007,2260.5,1,2,0,0,5.89,0.407,images/house_0007.png,358766.52
house_0008,1518.3,5,1,19,2,1.74,0.066,images/house_0008.png,212466.39
house_0009,2125.5,5,3,27,1,5.12,0.349,images/house_0009.png,357895.28
house_0010,1521.9,4,1,42,0,5.36,0.111,images/house_0010.png,251980.91
house_0011,1520.6,3,2,36,2,2.49,0.808,images/house_0011.png,245699.99
house_0012,1945.2,1,2,46,1,9.51,0.948,images/house_0012.png,359797.79
house_0013,652.0,3,2,36,1,8.65,0.072,images/house_0013.png,173969.85
house_0014,765.0,3,2,11,2,7.02,0.955,images/house_0014.png,245152.87
house_0015,1462.6,5,2,36,2,5.16,0.523,images/house_0015.png,283701.22
house_0016,1192.3,4,1,48,2,4.71,0.3,images/house_0016.png,209163.02
house_0017,1988.5,2,1,48,2,6.86,0.077,images/house_0017.png,279575.46
house_0018,1255.2,4,1,43,0,5.91,0.501,images/house_0018.png,255618.44
house_0019,952.6,4,1,27,2,1.56,0.795,images/house_0019.png,216445.54
house_0020,2679.4,3,2,46,1,5.61,0.707,images/house_0020.png,430913.29
house_0021,1664.5,4,3,14,1,8.26,0.05,images/house_0021.png,333681.5
house_0022,1840.5,1,1,5,0,5.13,0.073,images/house_0022.png,257309.88
house_0023,945.2,3,3,43,1,1.47,0.403,images/house_0023.png,171989.95
house_0024,1473.4,1,1,19,1,8.08,0.295,images/house_0024.png,277944.43
house_0025,1866.6,2,1,49,2,2.81,0.232,images/house_0025.png,226092.1
house_0026,1109.4,3,3,13,1,3.33,0.281,images/house_0026.png,211013.36
house_0027,2025.4,2,2,1,0,2.48,0.803,images/house_0027.png,344852.34
house_0028,1439.6,3,1,8,2,3.97,0.929,images/house_0028.png,320019.87
house_0029,1625.0,5,1,36,2,7.81,0.405,images/house_0029.png,322071.94
house_0030,1439.0,4,1,19,0,5.67,0.906,images/house_0030.png,286045.55
house_0031,2911.4,5,3,25,2,2.84,0.321,images/house_0031.png,463179.98
house_0032,1791.9,2,2,28,2,8.9,0.476,images/house_0032.png,335175.35
house_0033,1165.4,4,3,0,0,8.92,0.226,images/house_0033.png,279815.07
house_0034,2293.5,3,3,34,2,8.84,0.64,images/house_0034.png,407661.88
house_0035,1067.5,4,2,5,0,3.15,0.979,images/house_0035.png,230327.29
house_0036,1925.3,1,3,36,0,5.06,0.603,images/house_0036.png,304751.61
house_0037,624.2,4,2,4,1,9.86,0.358,images/house_0037.png,237019.04
house_0038,1003.1,1,1,32,1,7.95,0.648,images/house_0038.png,214191.91
house_0039,1918.1,4,2,48,2,1.24,0.123,images/house_0039.png,263856.6
house_0040,2243.1,1,1,13,2,1.59,0.889,images/house_0040.png,334104.84
house_0041,1902.8,2,3,11,0,5.18,0.503,images/house_0041.png,327088.08
house_0042,1730.6,5,3,41,2,9.18,0.449,images/house_0042.png,351129.25
house_0043,1619.3,3,1,19,0,5.85,0.586,images/house_0043.png,297852.18
house_0044,912.9,4,3,49,0,5.48,0.625,images/house_0044.png,178174.29
house_0045,1368.1,5,2,23,2,1.95,0.072,images/house_0045.png,218736.05
house_0046,1523.6,3,1,42,0,6.91,0.683,images/house_0046.png,303352.17
house_0047,2434.3,3,3,33,1,8.4,0.242,images/house_0047.png,391132.37
house_0048,2006.2,1,1,24,2,4.42,0.714,images/house_0048.png,324028.81
house_0049,742.2,2,2,49,1,7.98,0.823,images/house_0049.png,196836.42
house_0050,1994.5,2,2,28,2,9.68,0.804,images/house_0050.png,409017.76
house_0051,1569.0,5,3,38,0,2.83,0.553,images/house_0051.png,290084.74
house_0052,1393.8,2,2,30,2,5.71,0.52,images/house_0052.png,270974.47
house_0053,2167.0,4,1,46,1,3.58,0.143,images/house_0053.png,286872.79
house_0054,2418.6,2,2,42,0,8.14,0.775,images/house_0054.png,405561.69
house_0055,2358.8,5,1,49,2,6.2,0.271,images/house_0055.png,373540.92
house_0056,1296.5,2,1,22,2,6.71,0.497,images/house_0056.png,245500.17
house_0057,1614.5,4,2,43,2,8.18,0.284,images/house_0057.png,284666.44
house_0058,1998.8,1,3,37,1,4.56,0.134,images/house_0058.png,311229.49
house_0059,2385.3,5,2,19,1,9.24,0.63,images/house_0059.png,441522.96
house_0060,1512.5,1,1,22,2,5.8,0.054,images/house_0060.png,263359.37
house_0061,1688.6,1,1,44,0,2.42,0.749,images/house_0061.png,258702.01
house_0062,1136.2,1,2,15,0,7.26,0.318,images/house_0062.png,233385.07
house_0063,1082.3,3,3,49,1,8.14,0.0,images/house_0063.png,211823.35
house_0064,2287.5,3,3,41,0,3.85,0.511,images/house_0064.png,323921.01
house_0065,2613.7,1,1,7,1,8.71,0.047,images/house_0065.png,409693.54
house_0066,1756.8,5,1,49,2,9.16,0.276,images/house_0066.png,340938.35
house_0067,2402.1,4,3,20,1,3.49,0.707,images/house_0067.png,408322.31
house_0068,2017.0,4,2,0,1,9.85,0.063,images/house_0068.png,384779.46
house_0069,1412.9,2,1,7,2,2.27,0.839,images/house_0069.png,289688.38
house_0070,2016.8,5,1,28,0,2.82,0.004,images/house_0070.png,285637.34
house_0071,2722.8,3,3,31,1,2.66,0.247,images/house_0071.png,374276.94
house_0072,1778.5,1,2,37,1,9.05,0.741,images/house_0072.png,332295.41
house_0073,2738.8,2,3,4,2,6.89,0.316,images/house_0073.png,459525.26
house_0074,500.0,4,2,46,0,2.37,0.102,images/house_0074.png,64267.08
house_0075,2293.1,3,2,21,1,4.96,0.36,images/house_0075.png,366830.24
house_0076,1852.2,3,2,46,2,6.54,0.27,images/house_0076.png,312085.3
house_0077,1620.6,1,1,33,1,1.75,0.843,images/house_0077.png,245050.15
house_0078,1855.1,4,3,0,2,8.94,0.313,images/house_0078.png,396487.85
house_0079,607.5,5,3,25,0,8.23,0.789,images/house_0079.png,239440.67
house_0080,1668.2,3,2,42,0,5.55,0.892,images/house_0080.png,333938.45
house_0081,2014.3,1,1,9,0,9.7,0.434,images/house_0081.png,349719.36
house_0082,2686.7,5,1,29,0,4.76,0.91,images/house_0082.png,452204.25
house_0083,1489.0,4,3,49,1,9.86,0.377,images/house_0083.png,284676.7
house_0084,1314.9,3,1,17,1,7.01,0.964,images/house_0084.png,273204.19
house_0085,1498.9,5,1,16,0,6.71,0.089,images/house_0085.png,246706.27
house_0086,2349.2,5,2,25,0,2.49,0.687,images/house_0086.png,383147.32
house_0087,1997.3,5,1,7,0,8.94,0.494,images/house_0087.png,392198.79
house_0088,1482.1,3,2,46,1,4.85,0.388,images/house_0088.png,236157.09
house_0089,2108.0,3,3,39,0,2.46,0.633,images/house_0089.png,293356.31
house_0090,1858.2,2,1,48,0,1.11,0.704,images/house_0090.png,243686.42
house_0091,2381.2,4,3,11,0,6.04,0.004,images/house_0091.png,380505.84
house_0092,1378.8,1,3,26,2,5.75,0.167,images/house_0092.png,249686.27
house_0093,1603.4,5,1,7,0,7.47,0.713,images/house_0093.png,341910.7
house_0094,1564.7,2,1,24,2,9.01,0.666,images/house_0094.png,321043.15
house_0095,921.9,1,3,45,2,1.71,0.966,images/house_0095.png,171879.72
house_0096,1977.7,2,1,3,0,7.58,0.761,images/house_0096.png,396772.51
house_0097,1956.6,3,2,32,2,2.69,0.951,images/house_0097.png,315948.96
house_0098,1803.1,5,2,0,0,8.72,0.703,images/house_0098.png,378544.37
house_0099,1659.2,1,1,18,1,8.37,0.298,images/house_0099.png,286751.63
house_0100,950.8,1,3,30,1,5.87,0.105,images/house_0100.png,184360.06
house_0101,1547.6,1,1,15,1,7.39,0.782,images/house_0101.png,288069.74
house_0102,1594.4,1,1,13,1,3.83,0.644,images/house_0102.png,272771.65
house_0103,1318.6,1,3,47,2,5.24,0.048,images/house_0103.png,202465.45
house_0104,1703.2,2,3,4,0,8.39,0.36,images/house_0104.png,321527.68
house_0105,2042.4,5,2,40,0,5.13,0.957,images/house_0105.png,369649.82
house_0106,2931.7,3,3,25,0,4.22,0.5,images/house_0106.png,424193.9
house_0107,1904.7,3,2,27,1,5.45,0.433,images/house_0107.png,302508.45
house_0108,1954.5,3,3,1,1,8.45,0.458,images/house_0108.png,384687.88
house_0109,1755.3,3,1,49,0,4.02,0.209,images/house_0109.png,220328.38
house_0110,648.7,2,2,5,1,2.56,0.369,images/house_0110.png,118373.55
house_0111,1784.1,4,2,8,0,7.41,0.37,images/house_0111.png,347745.43
house_0112,1836.1,5,2,32,0,8.43,0.052,images/house_0112.png,338316.66
house_0113,3277.9,1,1,40,0,1.91,0.768,images/house_0113.png,427557.08
house_0114,1684.6,4,1,24,0,3.16,0.417,images/house_0114.png,261949.02
house_0115,1980.9,3,1,47,0,2.28,0.822,images/house_0115.png,310324.96
house_0116,1779.2,4,1,12,0,4.13,0.85,images/house_0116.png,311721.81
house_0117,1098.8,5,1,8,0,5.05,0.212,images/house_0117.png,208402.66
house_0118,2485.7,1,2,12,1,7.74,0.657,images/house_0118.png,431193.93
house_0119,2251.2,1,1,30,0,6.86,0.472,images/house_0119.png,347354.61
house_0120,2274.6,5,2,40,0,6.59,0.88,images/house_0120.png,417032.07
house_0121,1254.4,5,1,10,1,4.17,0.216,images/house_0121.png,209906.93
house_0122,2641.7,3,3,3,1,8.57,0.678,images/house_0122.png,457117.12
house_0123,958.9,1,2,33,1,5.24,0.608,images/house_0123.png,193221.09
house_0124,2152.1,4,3,37,0,9.81,0.295,images/house_0124.png,387244.4
house_0125,3114.3,2,2,45,2,6.71,0.137,images/house_0125.png,450479.33
house_0126,1205.7,2,3,3,2,2.14,0.652,images/house_0126.png,244929.48
house_0127,1460.2,5,1,37,1,7.09,0.739,images/house_0127.png,302482.62
house_0128,1859.8,3,1,18,2,3.93,0.316,images/house_0128.png,293404.94
house_0129,1497.9,2,1,5,1,7.18,0.645,images/house_0129.png,328395.79
house_0130,869.6,1,2,33,0,1.63,0.395,images/house_0130.png,116455.67
house_0131,1841.1,5,3,17,2,2.57,0.713,images/house_0131.png,342979.65
house_0132,1162.6,4,1,12,0,8.7,0.199,images/house_0132.png,242164.63
house_0133,2084.2,5,3,40,2,3.04,0.89,images/house_0133.png,368934.78
house_0134,1248.3,4,3,22,0,8.53,0.287,images/house_0134.png,258491.1
house_0135,2730.0,5,1,18,2,3.51,0.368,images/house_0135.png,430241.04
house_0136,1330.0,5,1,44,0,6.79,0.058,images/house_0136.png,232246.29
house_0137,1606.8,5,3,10,0,7.25,0.112,images/house_0137.png,339898.09
house_0138,2288.1,4,1,0,2,5.61,0.516,images/house_0138.png,397834.69
house_0139,1061.5,4,1,23,0,3.75,0.268,images/house_0139.png,200837.99
house_0140,1936.5,5,1,6,0,2.91,0.835,images/house_0140.png,337635.28
house_0141,2584.3,2,2,24,0,1.3,0.015,images/house_0141.png,324765.82
house_0142,835.5,3,3,20,2,3.74,0.379,images/house_0142.png,190212.75
house_0143,1910.8,3,3,14,2,6.88,0.337,images/house_0143.png,325932.26
house_0144,1955.9,3,2,0,0,9.44,0.019,images/house_0144.png,335609.55
house_0145,2269.1,4,3,11,0,8.84,0.124,images/house_0145.png,408418.8
house_0146,1057.8,4,1,6,2,7.89,0.414,images/house_0146.png,261218.05
house_0147,1007.7,2,3,14,2,8.1,0.493,images/house_0147.png,243869.34
house_0148,2113.2,3,1,20,0,6.98,0.404,images/house_0148.png,341646.16
house_0149,1978.2,3,2,18,0,3.34,0.531,images/house_0149.png,308645.06
house_0150,1950.3,5,1,28,0,9.16,0.595,images/house_0150.png,374714.44
house_0151,2007.9,4,3,24,1,7.04,0.01,images/house_0151.png,343944.56
house_0152,1392.0,3,3,32,2,6.04,0.464,images/house_0152.png,239098.01
house_0153,1939.4,2,3,48,1,2.0,0.963,images/house_0153.png,324514.88
house_0154,1975.8,2,2,31,2,5.02,0.519,images/house_0154.png,341680.17
house_0155,1371.4,3,2,48,2,5.14,0.678,images/house_0155.png,217348.43
house_0156,2919.5,4,3,34,2,8.78,0.312,images/house_0156.png,491766.15
house_0157,2084.3,2,1,43,2,5.92,0.774,images/house_0157.png,356962.24
house_0158,1085.2,5,2,37,2,4.42,0.773,images/house_0158.png,243120.56
house_0159,2193.9,2,3,25,2,9.79,0.521,images/house_0159.png,382712.92
house_0160,1215.2,1,3,10,2,2.0,0.976,images/house_0160.png,262580.54
house_0161,2272.3,1,2,34,1,4.8,0.126,images/house_0161.png,313211.06
house_0162,2495.2,4,2,7,0,1.38,0.017,images/house_0162.png,358772.92
house_0163,1307.6,3,2,45,0,7.66,0.77,images/house_0163.png,300840.62
house_0164,2378.0,4,1,13,1,9.26,0.807,images/house_0164.png,451234.17
house_0165,2047.7,4,1,9,1,3.52,0.12,images/house_0165.png,304762.41
house_0166,2293.2,4,3,1,1,8.73,0.266,images/house_0166.png,417713.01
house_0167,2938.1,4,2,45,1,3.63,0.018,images/house_0167.png,381950.23
house_0168,1652.8,5,1,8,2,9.2,0.293,images/house_0168.png,352005.3
house_0169,1347.8,5,2,2,0,7.79,0.773,images/house_0169.png,316299.41
house_0170,1266.3,2,3,20,2,8.24,0.518,images/house_0170.png,274137.27
house_0171,1310.5,1,1,25,0,1.16,0.348,images/house_0171.png,160839.47
house_0172,1753.7,4,1,7,0,9.67,0.372,images/house_0172.png,349459.37
house_0173,2004.7,2,1,47,1,7.54,0.001,images/house_0173.png,294855.83
house_0174,1966.0,1,3,1,2,3.74,0.3,images/house_0174.png,280422.79
house_0175,2296.3,3,2,5,1,8.46,0.646,images/house_0175.png,429919.29
house_0176,1807.8,5,1,27,2,3.53,0.974,images/house_0176.png,336205.52
house_0177,2672.1,1,3,28,0,8.85,0.847,images/house_0177.png,440496.28
house_0178,1641.2,3,2,25,1,2.01,0.024,images/house_0178.png,264408.85
house_0179,3432.1,1,3,24,1,7.33,0.899,images/house_0179.png,554541.53
house_0180,2175.4,5,2,11,0,5.87,0.783,images/house_0180.png,386490.49
house_0181,1285.7,5,3,4,0,1.87,0.78,images/house_0181.png,284900.07
house_0182,1157.5,2,2,33,0,3.18,0.458,images/house_0182.png,211936.36
house_0183,2089.5,4,1,47,1,1.11,0.398,images/house_0183.png,286303.37
house_0184,1665.9,1,2,36,2,5.22,0.303,images/house_0184.png,266077.46
house_0185,2228.4,1,3,14,1,3.71,0.066,images/house_0185.png,327227.41
house_0186,2083.9,3,3,43,2,6.39,0.228,images/house_0186.png,301246.95
house_0187,1756.3,5,2,35,1,3.68,0.247,images/house_0187.png,280325.75
house_0188,1291.9,1,1,14,1,3.7,0.484,images/house_0188.png,219185.23
house_0189,891.1,5,1,42,0,7.69,0.747,images/house_0189.png,250628.65
house_0190,1532.1,1,2,47,2,1.43,0.474,images/house_0190.png,215885.0
house_0191,2313.8,2,2,22,1,9.13,0.058,images/house_0191.png,371001.71
house_0192,1928.5,4,3,5,1,8.67,0.958,images/house_0192.png,415063.64
house_0193,1052.6,1,1,45,0,7.01,0.943,images/house_0193.png,234813.23
house_0194,1903.9,5,2,49,0,6.34,0.785,images/house_0194.png,337762.58
house_0195,2031.2,2,1,43,2,9.03,0.991,images/house_0195.png,365326.09
house_0196,1269.7,1,2,42,1,2.67,0.544,images/house_0196.png,191107.42
house_0197,1892.2,3,2,44,2,1.71,0.963,images/house_0197.png,318741.25
house_0198,1834.9,4,1,20,1,3.16,0.076,images/house_0198.png,284570.13
house_0199,1114.2,1,2,22,2,8.15,0.366,images/house_0199.png,237871.84
house_0200,2014.7,2,2,42,0,1.31,0.225,images/house_0200.png,260164.95
house_0201,2136.5,3,3,15,1,6.25,0.196,images/house_0201.png,348437.69
house_0202,2449.8,2,2,46,2,9.96,0.141,images/house_0202.png,383749.06
house_0203,2432.3,2,2,14,0,8.7,0.622,images/house_0203.png,412980.39
house_0204,973.4,3,2,24,0,5.69,0.781,images/house_0204.png,224902.53
house_0205,1237.3,2,3,35,2,1.57,0.578,images/house_0205.png,228022.09
house_0206,2109.0,3,1,10,1,8.48,0.147,images/house_0206.png,347073.48
house_0207,2108.3,1,3,14,1,6.39,0.811,images/house_0207.png,366246.51
house_0208,2109.0,3,3,3,0,2.03,0.636,images/house_0208.png,330035.81
house_0209,4111.6,3,1,20,1,1.84,0.388,images/house_0209.png,527225.42
house_0210,2142.5,4,3,12,1,9.19,0.674,images/house_0210.png,420630.13
house_0211,2481.3,3,1,21,1,7.02,0.26,images/house_0211.png,382396.11
house_0212,2372.4,3,3,18,0,8.46,0.345,images/house_0212.png,433797.22
house_0213,2190.8,1,1,33,2,8.91,0.917,images/house_0213.png,386203.91
house_0214,1610.8,4,2,13,1,6.15,0.291,images/house_0214.png,321685.4
house_0215,2255.4,5,3,3,0,5.66,0.47,images/house_0215.png,419578.33
house_0216,1336.3,1,3,47,0,4.87,0.89,images/house_0216.png,238195.36
house_0217,1657.9,1,3,45,2,3.85,0.708,images/house_0217.png,301237.05
house_0218,1508.8,5,3,26,1,4.91,0.062,images/house_0218.png,271616.3
house_0219,1849.1,3,2,28,1,7.96,0.147,images/house_0219.png,339912.51
house_0220,3188.8,2,3,46,2,6.42,0.008,images/house_0220.png,462430.66
house_0221,679.6,4,2,27,2,9.03,0.631,images/house_0221.png,234626.32
house_0222,2211.8,2,2,34,0,4.99,0.448,images/house_0222.png,345851.88
house_0223,832.4,5,2,7,0,6.46,0.134,images/house_0223.png,221176.28
house_0224,1516.8,1,2,15,2,6.68,0.958,images/house_0224.png,296968.94
house_0225,2453.4,1,1,41,1,6.33,0.53,images/house_0225.png,365070.85
house_0226,1838.6,4,1,35,0,7.32,0.242,images/house_0226.png,323668.8
house_0227,1153.4,1,3,29,0,3.14,0.501,images/house_0227.png,219463.5
house_0228,1370.8,1,1,17,1,5.61,0.68,images/house_0228.png,247667.22
house_0229,2207.8,4,1,1,0,1.94,0.076,images/house_0229.png,331980.07
house_0230,1361.8,4,3,48,1,4.46,0.275,images/house_0230.png,233104.3
house_0231,1929.9,5,3,12,1,5.39,0.807,images/house_0231.png,377935.87
house_0232,1827.3,1,3,3,1,6.87,0.46,images/house_0232.png,341331.27
house_0233,1409.0,1,1,25,2,9.55,0.547,images/house_0233.png,290642.38
house_0234,3086.4,5,1,24,2,6.41,0.433,images/house_0234.png,494506.78
house_0235,2180.4,3,3,29,2,7.69,0.044,images/house_0235.png,379033.02
house_0236,584.9,3,2,10,1,5.56,0.166,images/house_0236.png,172904.19
house_0237,1911.9,3,3,6,1,6.71,0.446,images/house_0237.png,361778.5
house_0238,1402.9,5,2,30,2,1.64,0.209,images/house_0238.png,256617.39
house_0239,2311.5,1,2,43,0,3.29,0.05,images/house_0239.png,307928.6
house_0240,1324.5,5,3,9,1,4.26,0.844,images/house_0240.png,300381.61
house_0241,1731.2,5,3,38,0,5.25,0.981,images/house_0241.png,319425.68
house_0242,2103.0,3,3,12,0,1.41,0.793,images/house_0242.png,329027.74
house_0243,2319.5,2,1,30,1,2.26,0.854,images/house_0243.png,362901.91
house_0244,1079.8,1,2,6,1,3.49,0.242,images/house_0244.png,184664.56
house_0245,1599.3,3,1,48,0,9.74,0.961,images/house_0245.png,308926.85
house_0246,1515.0,2,1,41,0,3.98,0.197,images/house_0246.png,203187.31
house_0247,1408.0,2,3,41,2,5.34,0.951,images/house_0247.png,268880.64
house_0248,2859.3,4,1,35,2,2.76,0.995,images/house_0248.png,454945.49
house_0249,2043.0,1,3,19,1,6.5,0.712,images/house_0249.png,356884.11
house_0250,1043.5,2,2,3,2,3.53,0.981,images/house_0250.png,228534.7
house_0251,2350.7,3,3,6,2,2.86,0.57,images/house_0251.png,387090.52
house_0252,3073.3,4,1,0,2,5.65,0.26,images/house_0252.png,484544.13
house_0253,2419.5,1,1,43,2,1.05,0.437,images/house_0253.png,302113.17
house_0254,888.4,5,3,44,0,1.07,0.594,images/house_0254.png,187578.08
house_0255,1509.5,3,3,41,1,2.97,0.073,images/house_0255.png,215050.53
house_0256,2560.1,2,1,46,2,1.33,0.622,images/house_0256.png,361757.69
house_0257,1375.4,2,2,12,0,1.97,0.981,images/house_0257.png,267820.3
house_0258,2066.3,3,2,21,0,4.05,0.19,images/house_0258.png,326808.25
house_0259,2264.8,2,3,20,0,8.22,0.793,images/house_0259.png,392860.54
house_0260,1243.8,4,2,21,2,6.15,0.908,images/house_0260.png,293645.53
house_0261,1764.3,1,1,27,2,5.61,0.944,images/house_0261.png,315769.94
house_0262,500.0,4,3,8,1,3.64,0.96,images/house_0262.png,175850.63
house_0263,1185.4,2,1,25,2,9.39,0.521,images/house_0263.png,282079.63
house_0264,1648.5,5,1,8,2,4.57,0.977,images/house_0264.png,332150.77
house_0265,1051.3,1,2,14,0,1.78,0.757,images/house_0265.png,185909.22
house_0266,2779.4,1,3,9,1,6.55,0.162,images/house_0266.png,408916.55
house_0267,941.9,3,3,23,2,2.02,0.477,images/house_0267.png,199682.53
house_0268,1536.0,3,2,41,2,4.11,0.718,images/house_0268.png,248590.8
house_0269,1878.4,5,1,7,0,5.57,0.247,images/house_0269.png,339322.23
house_0270,2664.8,1,1,23,0,8.87,0.641,images/house_0270.png,446988.32
house_0271,938.5,5,1,15,2,5.44,0.667,images/house_0271.png,250148.9
house_0272,2497.9,3,1,48,1,7.32,0.163,images/house_0272.png,376882.16
house_0273,1806.1,3,3,25,1,9.94,0.565,images/house_0273.png,374953.26
house_0274,1211.1,1,3,26,0,2.18,0.772,images/house_0274.png,199638.25
house_0275,2077.3,4,2,36,0,3.47,0.499,images/house_0275.png,343579.47
house_0276,1919.4,2,2,3,2,4.55,0.012,images/house_0276.png,298418.0
house_0277,1439.9,3,3,49,0,4.8,0.009,images/house_0277.png,213398.96
house_0278,1841.9,3,3,23,2,4.7,0.357,images/house_0278.png,309050.66
house_0279,1568.8,4,1,18,1,9.17,0.926,images/house_0279.png,359518.69
house_0280,1868.1,4,1,35,1,7.43,0.229,images/house_0280.png,307159.94
house_0281,2197.3,5,2,38,2,6.47,0.634,images/house_0281.png,386779.29
house_0282,2751.6,5,3,9,0,3.78,0.222,images/house_0282.png,408946.8
house_0283,1057.3,2,2,24,1,8.41,0.322,images/house_0283.png,249774.48
house_0284,3079.8,2,3,17,0,9.6,0.848,images/house_0284.png,535581.94
house_0285,628.7,1,1,18,1,8.39,0.729,images/house_0285.png,192114.53
house_0286,1708.9,5,2,35,2,1.01,0.095,images/house_0286.png,241384.97
house_0287,2153.0,3,2,9,2,6.73,0.429,images/house_0287.png,390198.89
house_0288,1968.6,5,3,32,2,1.46,0.029,images/house_0288.png,277714.17
house_0289,1426.4,3,1,49,1,3.32,0.481,images/house_0289.png,221665.71
house_0290,1675.1,4,2,4,0,1.54,0.662,images/house_0290.png,312403.72
house_0291,1504.2,5,1,46,0,6.43,0.119,images/house_0291.png,237952.67
house_0292,1446.4,4,2,48,0,7.18,0.289,images/house_0292.png,261841.63
house_0293,2309.8,2,1,34,1,2.03,0.398,images/house_0293.png,319450.93
house_0294,2014.2,2,3,43,1,4.45,0.92,images/house_0294.png,334807.87
house_0295,1384.3,1,2,33,1,5.11,0.993,images/house_0295.png,258404.12
house_0296,2339.8,5,2,32,1,4.32,0.045,images/house_0296.png,367781.12
house_0297,1984.4,4,1,20,1,2.09,0.761,images/house_0297.png,317625.54
house_0298,2287.7,3,1,16,0,4.77,0.372,images/house_0298.png,328183.7
house_0299,2177.8,2,2,21,1,7.76,0.392,images/house_0299.png,377434.19
house_0300,1302.6,2,3,47,1,1.64,0.754,images/house_0300.png,194000.33
house_0301,1463.9,3,1,36,0,1.72,0.918,images/house_0301.png,254245.35
house_0302,2248.4,4,1,14,1,4.19,0.951,images/house_0302.png,414020.88
house_0303,2166.2,4,1,34,0,9.48,0.577,images/house_0303.png,396700.05
house_0304,1787.5,5,2,27,0,7.02,0.357,images/house_0304.png,342847.91
house_0305,1870.4,5,2,6,2,7.11,0.788,images/house_0305.png,420573.52
house_0306,2566.6,1,2,31,2,4.26,0.251,images/house_0306.png,375968.88
house_0307,1445.1,2,2,10,2,6.34,0.564,images/house_0307.png,296296.43
house_0308,2128.3,5,3,9,2,1.09,0.359,images/house_0308.png,369135.57
house_0309,1678.7,4,3,8,1,6.72,0.657,images/house_0309.png,374485.41
house_0310,1669.4,3,2,13,2,9.22,0.24,images/house_0310.png,356558.71
house_0311,2459.3,4,3,12,0,6.51,0.192,images/house_0311.png,397043.81
house_0312,2295.2,2,1,24,1,8.86,0.918,images/house_0312.png,394383.63
house_0313,2288.1,4,1,1,2,7.52,0.102,images/house_0313.png,385124.85
house_0314,2583.3,1,1,34,0,2.09,0.506,images/house_0314.png,353071.8
house_0315,1812.6,2,2,6,1,9.12,0.221,images/house_0315.png,341849.55
house_0316,2209.2,3,1,20,1,1.6,0.039,images/house_0316.png,294721.15
house_0317,1613.8,1,3,17,2,5.81,0.036,images/house_0317.png,275180.51
house_0318,1994.5,2,2,2,1,2.28,0.175,images/house_0318.png,278504.31
house_0319,1721.9,3,3,41,0,1.11,0.867,images/house_0319.png,275801.7
house_0320,1858.2,1,1,38,1,4.8,0.282,images/house_0320.png,283694.07
house_0321,2157.1,1,1,40,0,3.66,0.95,images/house_0321.png,335016.89
house_0322,1309.1,2,1,48,1,5.37,0.582,images/house_0322.png,233528.64
house_0323,3055.4,5,2,10,2,6.19,0.437,images/house_0323.png,523562.52
house_0324,1196.4,1,3,38,0,1.39,0.58,images/house_0324.png,181722.79
house_0325,1071.5,1,2,23,1,2.11,0.517,images/house_0325.png,172047.21
house_0326,2494.9,3,2,45,1,6.03,0.759,images/house_0326.png,416503.32
house_0327,2275.0,4,1,18,1,4.09,0.282,images/house_0327.png,370112.84
house_0328,2174.5,2,2,3,0,7.56,0.353,images/house_0328.png,383857.08
house_0329,2177.0,2,2,25,0,6.87,0.894,images/house_0329.png,379816.59
house_0330,1792.7,5,1,37,0,8.61,0.946,images/house_0330.png,362120.27
house_0331,1261.6,5,2,41,2,7.23,0.893,images/house_0331.png,273991.5
house_0332,1845.5,2,1,31,2,4.87,0.419,images/house_0332.png,309243.42
house_0333,1393.7,5,1,38,0,7.06,0.78,images/house_0333.png,305541.35
house_0334,2385.1,3,1,44,1,3.48,0.476,images/house_0334.png,320819.4
house_0335,1711.8,2,1,45,2,3.76,0.498,images/house_0335.png,271590.13
house_0336,1304.7,5,2,35,0,8.1,0.205,images/house_0336.png,268314.33
house_0337,1607.2,2,1,39,1,5.02,0.591,images/house_0337.png,249058.41
house_0338,2047.8,4,1,36,2,8.19,0.186,images/house_0338.png,326078.02
house_0339,1461.8,1,2,32,1,8.4,0.332,images/house_0339.png,271724.33
house_0340,1306.7,2,2,35,1,8.72,0.855,images/house_0340.png,281098.93
house_0341,1946.2,1,3,2,1,9.25,0.207,images/house_0341.png,384716.71
house_0342,1947.0,5,2,8,1,4.88,0.071,images/house_0342.png,344905.87
house_0343,1495.8,1,2,7,2,3.87,0.069,images/house_0343.png,247274.16
house_0344,1517.4,2,3,32,2,6.24,0.941,images/house_0344.png,315736.6
house_0345,1939.2,4,2,5,2,4.34,0.507,images/house_0345.png,369650.8
house_0346,931.1,5,2,40,0,6.41,0.409,images/house_0346.png,222687.43
house_0347,955.5,2,2,38,2,7.35,0.811,images/house_0347.png,238764.27
house_0348,1368.9,5,2,3,1,7.2,0.836,images/house_0348.png,317778.46
house_0349,1671.9,3,3,12,2,4.37,0.332,images/house_0349.png,345031.26
house_0350,1986.5,1,2,48,1,2.5,0.694,images/house_0350.png,266770.36
house_0351,2685.2,3,2,1,0,4.87,0.771,images/house_0351.png,442777.75
house_0352,2314.6,2,3,4,1,2.28,0.655,images/house_0352.png,347159.74
house_0353,1704.0,4,1,43,1,9.01,0.152,images/house_0353.png,306059.96
house_0354,1788.6,5,3,26,1,4.11,0.876,images/house_0354.png,345066.55
house_0355,1198.5,1,1,31,0,2.39,0.539,images/house_0355.png,195253.95
house_0356,1788.9,5,3,20,2,1.23,0.282,images/house_0356.png,264590.68
house_0357,1626.8,2,3,7,2,6.81,0.425,images/house_0357.png,334435.47
house_0358,1993.6,5,2,37,0,6.73,0.038,images/house_0358.png,308667.56
house_0359,1303.7,1,1,7,1,4.07,0.128,images/house_0359.png,210165.24
house_0360,2111.6,2,2,49,2,1.65,0.766,images/house_0360.png,320007.99
house_0361,2719.6,5,1,2,0,4.69,0.0,images/house_0361.png,416656.84
house_0362,1734.7,4,3,43,2,3.8,0.417,images/house_0362.png,291650.97
house_0363,2041.0,2,3,2,0,7.09,0.523,images/house_0363.png,384308.31
house_0364,2214.1,2,1,21,1,6.45,0.055,images/house_0364.png,340568.41
house_0365,1559.3,4,2,5,2,4.28,0.973,images/house_0365.png,326412.29
house_0366,1934.5,3,2,1,0,2.96,0.226,images/house_0366.png,304954.44
house_0367,1807.6,1,2,22,2,9.89,0.304,images/house_0367.png,335567.67
house_0368,1858.6,3,2,43,2,5.09,0.304,images/house_0368.png,278910.02
house_0369,1336.2,5,3,1,2,7.19,0.23,images/house_0369.png,318958.64
house_0370,1814.7,4,3,37,2,2.26,0.001,images/house_0370.png,267267.76
house_0371,2098.8,3,3,16,0,5.37,0.729,images/house_0371.png,372670.97
house_0372,2670.7,2,3,34,1,1.25,0.967,images/house_0372.png,415010.99
house_0373,2375.6,5,3,33,0,5.55,0.224,images/house_0373.png,374965.27
house_0374,3091.9,5,2,22,0,9.68,0.663,images/house_0374.png,527361.06
house_0375,1339.6,3,2,29,0,4.46,0.742,images/house_0375.png,248016.07
house_0376,2323.4,3,2,7,1,1.35,0.848,images/house_0376.png,380717.29
house_0377,1910.0,4,2,21,2,1.28,0.423,images/house_0377.png,303792.55
house_0378,3113.9,1,3,43,2,4.49,0.303,images/house_0378.png,417574.33
house_0379,1315.0,3,3,35,2,2.44,0.325,images/house_0379.png,215116.84
house_0380,1296.2,3,3,4,1,1.21,0.713,images/house_0380.png,241694.79
house_0381,1440.4,2,1,12,2,7.81,0.817,images/house_0381.png,300730.77
house_0382,525.7,5,2,28,1,5.13,0.182,images/house_0382.png,124968.24
house_0383,1484.5,1,2,30,2,3.6,0.371,images/house_0383.png,230367.27
house_0384,1344.5,2,3,46,2,9.1,0.902,images/house_0384.png,272432.4
house_0385,1890.2,4,2,15,0,2.05,0.807,images/house_0385.png,317194.98
house_0386,2005.1,4,2,41,1,9.6,0.985,images/house_0386.png,388036.94
house_0387,2925.7,3,3,29,0,3.83,0.754,images/house_0387.png,462448.93
house_0388,2370.3,3,1,15,0,9.0,0.393,images/house_0388.png,390258.9
house_0389,1453.9,4,1,11,0,6.43,0.591,images/house_0389.png,284421.78
house_0390,1261.0,3,1,16,1,8.44,0.661,images/house_0390.png,280815.43
house_0391,2095.2,1,3,15,1,9.86,0.078,images/house_0391.png,352628.44
house_0392,1007.9,3,2,11,2,3.6,0.544,images/house_0392.png,240612.69
house_0393,2898.9,5,3,7,0,9.65,0.709,images/house_0393.png,511897.74
house_0394,2507.7,3,3,19,2,4.51,0.167,images/house_0394.png,378715.93
house_0395,1518.5,2,2,2,0,4.47,0.781,images/house_0395.png,300464.7
house_0396,772.1,1,1,15,1,4.06,0.584,images/house_0396.png,181969.79
house_0397,2612.3,2,1,29,1,5.87,0.952,images/house_0397.png,417662.51
house_0398,1731.3,2,3,44,1,2.39,0.042,images/house_0398.png,201412.72
house_0399,2542.7,5,1,22,0,5.98,0.265,images/house_0399.png,398841.41
house_0400,843.3,1,3,27,1,5.88,0.602,images/house_0400.png,216152.96
house_0401,1440.4,1,3,39,0,7.86,0.297,images/house_0401.png,256485.45
house_0402,1803.1,1,2,4,2,8.5,0.714,images/house_0402.png,363714.91
house_0403,1828.2,1,2,19,0,4.96,0.759,images/house_0403.png,296553.4
house_0404,1530.0,1,2,39,2,3.72,0.103,images/house_0404.png,198650.16
house_0405,2173.7,5,3,43,0,3.33,0.514,images/house_0405.png,341253.21
house_0406,1159.4,3,2,0,2,2.75,0.509,images/house_0406.png,217033.61
house_0407,1714.6,2,1,29,1,1.52,0.369,images/house_0407.png,253195.41
house_0408,1872.2,1,1,20,2,4.08,0.933,images/house_0408.png,308675.37
house_0409,2108.7,3,3,19,1,3.43,0.828,images/house_0409.png,362110.18
house_0410,2227.0,3,3,5,1,9.7,0.697,images/house_0410.png,409562.14
house_0411,1125.2,2,2,21,2,6.02,0.714,images/house_0411.png,243252.75
house_0412,879.5,5,3,17,0,4.13,0.462,images/house_0412.png,195288.28
house_0413,2566.6,4,3,7,0,6.22,0.921,images/house_0413.png,428140.93
house_0414,1999.4,4,1,38,0,2.25,0.695,images/house_0414.png,313804.9
house_0415,1350.9,3,1,31,0,5.0,0.729,images/house_0415.png,277532.77
house_0416,2730.7,2,2,32,0,6.64,0.862,images/house_0416.png,455251.48
house_0417,1869.4,4,3,15,1,5.4,0.274,images/house_0417.png,340098.95
house_0418,2507.6,3,3,11,0,4.62,0.807,images/house_0418.png,416765.92
house_0419,1840.5,5,1,37,1,9.94,0.195,images/house_0419.png,350865.84
house_0420,3036.4,4,3,33,1,8.92,0.345,images/house_0420.png,508057.66
house_0421,2853.2,3,1,13,1,6.61,0.336,images/house_0421.png,446369.38
house_0422,1650.6,3,2,35,2,6.12,0.979,images/house_0422.png,306640.27
house_0423,2382.9,1,1,32,2,6.59,0.857,images/house_0423.png,382328.08
house_0424,2187.2,5,3,22,1,2.81,0.701,images/house_0424.png,397583.99
house_0425,2621.2,1,2,49,2,4.56,0.727,images/house_0425.png,381949.87
house_0426,1221.0,2,1,44,0,1.36,0.562,images/house_0426.png,124974.76
house_0427,2211.6,1,1,1,0,5.28,0.947,images/house_0427.png,360806.52
house_0428,2435.1,1,2,40,1,5.89,0.496,images/house_0428.png,356600.35
house_0429,744.8,4,2,20,0,3.05,0.381,images/house_0429.png,181186.93
house_0430,1090.0,3,1,1,1,9.68,0.163,images/house_0430.png,256677.01
house_0431,576.5,5,3,26,1,9.19,0.786,images/house_0431.png,253429.92
house_0432,1638.4,1,1,8,0,7.5,0.734,images/house_0432.png,307070.51
house_0433,2230.5,5,2,0,2,5.8,0.384,images/house_0433.png,373464.27
house_0434,2701.4,1,1,10,0,8.83,0.025,images/house_0434.png,402775.4
house_0435,1844.5,2,2,2,0,2.18,0.839,images/house_0435.png,322631.68
house_0436,2777.2,1,2,22,1,8.11,0.011,images/house_0436.png,415105.95
house_0437,971.9,4,3,25,1,2.12,0.704,images/house_0437.png,190638.55
house_0438,778.0,3,2,3,1,8.15,0.97,images/house_0438.png,256935.01
house_0439,1766.7,2,2,17,1,3.48,0.438,images/house_0439.png,326567.53
house_0440,2030.4,1,3,5,2,8.89,0.235,images/house_0440.png,348796.42
house_0441,1780.4,5,2,34,2,9.5,0.705,images/house_0441.png,380716.5
house_0442,559.5,2,3,21,2,2.34,0.817,images/house_0442.png,128874.2
house_0443,1746.5,2,3,42,1,5.16,0.546,images/house_0443.png,302002.78
house_0444,1017.3,1,2,14,1,9.83,0.967,images/house_0444.png,266575.41
house_0445,2201.8,2,2,21,1,5.35,0.052,images/house_0445.png,334603.87
house_0446,2020.0,5,1,36,2,8.77,0.505,images/house_0446.png,353857.27
house_0447,1236.1,2,3,41,1,6.3,0.718,images/house_0447.png,253585.94
house_0448,1491.7,5,1,11,0,4.38,0.863,images/house_0448.png,292631.98
house_0449,1164.5,1,2,46,0,3.57,0.179,images/house_0449.png,150514.71
house_0450,1762.4,3,1,48,1,2.83,0.8,images/house_0450.png,282378.17
house_0451,2373.1,2,3,41,0,7.86,0.553,images/house_0451.png,379282.54
house_0452,1208.6,3,1,37,0,4.48,0.397,images/house_0452.png,211536.45
house_0453,2102.4,5,3,17,2,5.6,0.132,images/house_0453.png,358444.94
house_0454,1481.8,2,2,44,1,5.43,0.865,images/house_0454.png,272029.97
house_0455,1324.3,4,2,34,1,6.2,0.157,images/house_0455.png,248185.45
house_0456,1735.8,3,3,29,2,8.79,0.31,images/house_0456.png,324642.56
house_0457,1178.9,2,2,23,0,9.83,0.29,images/house_0457.png,239664.42
house_0458,1467.8,3,2,41,0,4.67,0.871,images/house_0458.png,261551.73
house_0459,1081.3,2,2,29,1,8.45,0.673,images/house_0459.png,269971.09
house_0460,2978.8,1,2,13,0,7.88,0.797,images/house_0460.png,486230.44
house_0461,1821.2,3,3,5,2,6.16,0.25,images/house_0461.png,321849.42
house_0462,1380.2,4,1,2,2,9.6,0.625,images/house_0462.png,339775.44
house_0463,1928.4,4,1,15,1,2.8,0.572,images/house_0463.png,326474.48
house_0464,1732.6,5,2,6,2,1.98,0.833,images/house_0464.png,338132.59
house_0465,1667.4,2,1,13,2,8.69,0.906,images/house_0465.png,336258.77
house_0466,2168.5,3,1,8,1,4.95,0.012,images/house_0466.png,322084.68
house_0467,2254.5,5,2,14,2,8.62,0.674,images/house_0467.png,425833.79
house_0468,1481.7,3,2,20,2,9.04,0.052,images/house_0468.png,282844.65
house_0469,1454.5,2,1,34,2,1.56,0.549,images/house_0469.png,229015.46
house_0470,1635.0,4,3,1,0,8.95,0.288,images/house_0470.png,347557.66
house_0471,500.0,1,2,26,1,5.03,0.307,images/house_0471.png,129948.69
house_0472,890.9,4,3,1,1,5.59,0.353,images/house_0472.png,251839.07
house_0473,2620.1,5,1,34,1,6.64,0.621,images/house_0473.png,441179.85
house_0474,2787.0,1,2,17,0,9.34,0.334,images/house_0474.png,441090.64
house_0475,1650.6,5,3,13,0,1.17,0.733,images/house_0475.png,281121.47
house_0476,2145.9,2,2,19,1,5.29,0.405,images/house_0476.png,333589.86
house_0477,1986.8,1,1,17,0,7.19,0.068,images/house_0477.png,301991.11
house_0478,3647.3,5,3,9,1,7.5,0.784,images/house_0478.png,618581.22
house_0479,2471.7,2,1,24,0,7.23,0.286,images/house_0479.png,378840.04
house_0480,1723.2,4,1,1,2,2.21,0.433,images/house_0480.png,287902.25
house_0481,1226.7,2,2,24,2,3.69,0.685,images/house_0481.png,224985.37
house_0482,836.1,3,3,32,1,4.23,0.332,images/house_0482.png,174495.52
house_0483,1922.1,2,1,35,0,8.24,0.057,images/house_0483.png,312053.75
house_0484,1346.2,2,1,30,0,3.51,0.374,images/house_0484.png,234422.85
house_0485,946.6,3,3,13,2,2.9,0.944,images/house_0485.png,231545.22
house_0486,1412.1,5,1,0,2,9.62,0.642,images/house_0486.png,347832.96
house_0487,1151.1,5,1,45,0,1.08,0.671,images/house_0487.png,175426.09
house_0488,2812.3,2,3,15,0,9.98,0.632,images/house_0488.png,514822.5
house_0489,2329.0,3,3,45,0,7.09,0.199,images/house_0489.png,335725.07
house_0490,1795.2,3,3,2,0,8.46,0.418,images/house_0490.png,374406.95
house_0491,2688.0,4,3,34,0,3.65,0.751,images/house_0491.png,414396.5
house_0492,1846.4,5,2,40,0,1.13,0.101,images/house_0492.png,244821.93
house_0493,1283.2,1,3,5,1,7.64,0.278,images/house_0493.png,248276.08
house_0494,2713.9,5,2,24,0,8.51,0.276,images/house_0494.png,485360.52
house_0495,2123.3,5,2,12,2,7.66,0.432,images/house_0495.png,402223.6
house_0496,1177.7,4,2,33,1,2.29,0.98,images/house_0496.png,239330.48
house_0497,1685.8,1,1,7,0,7.78,0.068,images/house_0497.png,297374.42
house_0498,1274.6,4,2,20,2,7.92,0.519,images/house_0498.png,279597.8
house_0499,970.3,1,2,33,1,6.93,0.179,images/house_0499.png,183869.77
